{
  "fire": {
    "model": "fire",
    "params": 40606311,
    "epochs": 60,
    "max_epochs": 60,
    "early_stopped": false,
    "effective_batch_size": 64,
    "warmup_epochs": 6,
    "amp_enabled": true,
    "temporal_split": {
      "train": "events 2001-2016",
      "test": "events 2017-2018",
      "validate": "events 2019-2021"
    },
    "final_train_loss": NaN,
    "best_test_loss": 0.003169,
    "val_mse": 0.001058,
    "val_dice": 0.0712,
    "train_losses": [
      0.002046,
      0.001908,
      0.001842,
      0.001888,
      0.001997,
      0.001853,
      0.001787,
      0.001701,
      0.001941,
      0.001745,
      0.001703,
      0.001773,
      0.00181,
      0.001847,
      0.001761,
      0.001855,
      0.001756,
      0.001831,
      0.00184,
      0.001776,
      0.001687,
      0.001802,
      0.001769,
      0.001773,
      0.001801,
      0.001687,
      0.001698,
      0.001774,
      0.001754,
      0.001752,
      0.001527,
      0.001748,
      0.001769,
      0.001746,
      0.001691,
      0.001668,
      0.0017,
      0.001673,
      0.001671,
      0.001722,
      0.001711,
      0.001691,
      0.001748,
      0.001674,
      0.001684,
      0.001711,
      0.001678,
      0.001629,
      0.001697,
      0.001657,
      0.001632,
      NaN,
      NaN,
      NaN,
      NaN,
      NaN,
      NaN,
      NaN,
      NaN,
      NaN
    ],
    "test_losses": [
      0.003713,
      0.003594,
      0.003646,
      0.003488,
      0.00355,
      0.003457,
      0.003465,
      0.003465,
      0.00353,
      0.003481,
      0.003408,
      0.003363,
      0.003877,
      0.00343,
      0.003367,
      0.003396,
      0.003402,
      0.003462,
      0.003359,
      0.003349,
      0.003443,
      0.003322,
      0.003409,
      0.003413,
      0.003412,
      0.003376,
      0.003338,
      0.003398,
      0.003291,
      0.003305,
      0.003241,
      0.003268,
      0.003265,
      0.003334,
      0.003257,
      0.003236,
      0.003233,
      0.003251,
      0.003287,
      0.003197,
      0.003207,
      0.003264,
      0.003184,
      0.003236,
      0.003189,
      0.003179,
      0.003179,
      0.003256,
      0.003175,
      0.003241,
      0.003171,
      0.003169,
      0.003169,
      0.003169,
      0.003169,
      0.003169,
      NaN,
      NaN,
      NaN,
      NaN
    ]
  },
  "forest": {
    "model": "forest",
    "params": 40604775,
    "epochs": 35,
    "max_epochs": 60,
    "early_stopped": true,
    "effective_batch_size": 64,
    "warmup_epochs": 6,
    "amp_enabled": true,
    "temporal_split": {
      "train": "events 2001-2016",
      "test": "events 2017-2018",
      "validate": "events 2019-2021"
    },
    "final_train_loss": NaN,
    "best_test_loss": 0.018051,
    "val_mse": 0.006112,
    "val_dice": 0.0575,
    "train_losses": [
      0.025246,
      0.02485,
      0.024214,
      0.023701,
      0.023438,
      0.022604,
      0.022485,
      0.021327,
      0.021748,
      0.021389,
      0.021434,
      0.021425,
      0.02157,
      0.021143,
      0.021448,
      0.021168,
      0.021423,
      0.021037,
      0.021199,
      0.02105,
      0.020714,
      0.021185,
      0.020884,
      0.020655,
      0.021117,
      0.020347,
      0.020894,
      NaN,
      NaN,
      NaN,
      NaN,
      NaN,
      NaN,
      NaN,
      NaN
    ],
    "test_losses": [
      0.019769,
      0.019024,
      0.019034,
      0.019095,
      0.019302,
      0.018984,
      0.018804,
      0.018836,
      0.018837,
      0.018751,
      0.018786,
      0.018472,
      0.018286,
      0.018325,
      0.018469,
      0.018422,
      0.018126,
      0.018141,
      0.018087,
      0.018071,
      0.018285,
      0.018108,
      0.018145,
      0.018205,
      0.018051,
      0.018074,
      0.01821,
      0.018123,
      0.018123,
      0.018123,
      0.018123,
      0.018123,
      0.018123,
      0.018123,
      0.018123
    ]
  },
  "hydro": {
    "model": "hydro",
    "params": 40604775,
    "epochs": 16,
    "max_epochs": 60,
    "early_stopped": true,
    "effective_batch_size": 64,
    "warmup_epochs": 6,
    "amp_enabled": true,
    "temporal_split": {
      "train": "events 2001-2016",
      "test": "events 2017-2018",
      "validate": "events 2019-2021"
    },
    "final_train_loss": NaN,
    "best_test_loss": 0.00099,
    "val_mse": 0.000277,
    "val_dice": 0.2965,
    "train_losses": [
      0.011537,
      0.011099,
      0.011666,
      0.010621,
      0.010781,
      0.011072,
      0.010742,
      0.01048,
      NaN,
      NaN,
      NaN,
      NaN,
      NaN,
      NaN,
      NaN,
      NaN
    ],
    "test_losses": [
      0.002475,
      0.002037,
      0.001169,
      0.00113,
      0.001399,
      0.00099,
      0.001122,
      0.001575,
      0.001035,
      0.001035,
      0.001035,
      0.001035,
      0.001035,
      0.001035,
      0.001035,
      0.001035
    ]
  },
  "soil": {
    "model": "soil",
    "params": 40603239,
    "epochs": 11,
    "max_epochs": 60,
    "early_stopped": true,
    "effective_batch_size": 64,
    "warmup_epochs": 6,
    "amp_enabled": true,
    "temporal_split": {
      "train": "events 2001-2016",
      "test": "events 2017-2018",
      "validate": "events 2019-2021"
    },
    "final_train_loss": 0.007213,
    "best_test_loss": 0.007247,
    "val_mse": 0.001815,
    "val_dice": 0.0003,
    "train_losses": [
      0.00721,
      0.007007,
      0.007489,
      0.00694,
      0.006751,
      0.007236,
      0.006522,
      0.00641,
      0.006925,
      0.006727,
      0.007213
    ],
    "test_losses": [
      0.007247,
      0.007247,
      0.007247,
      0.007247,
      0.007247,
      0.007247,
      0.007247,
      0.007247,
      0.007247,
      0.007247,
      0.007247
    ]
  }
}