{
  "fire": {
    "model": "fire",
    "params": 34184836,
    "epochs": 3,
    "final_train_loss": 0.043065,
    "best_test_loss": 0.039863,
    "test_mse": 0.119068,
    "test_dice": 0.0096,
    "train_losses": [
      0.121297,
      0.055358,
      0.043065
    ],
    "test_losses": [
      0.064904,
      0.044425,
      0.039863
    ]
  },
  "forest": {
    "model": "forest",
    "params": 34183300,
    "epochs": 3,
    "final_train_loss": 1.328089,
    "best_test_loss": 1.325749,
    "test_mse": 0.086414,
    "test_dice": 0.0187,
    "train_losses": [
      1.469631,
      1.364254,
      1.328089
    ],
    "test_losses": [
      1.39607,
      1.341117,
      1.325749
    ]
  },
  "hydro": {
    "model": "hydro",
    "params": 34183300,
    "epochs": 3,
    "final_train_loss": 0.058305,
    "best_test_loss": 0.046029,
    "test_mse": 0.045313,
    "test_dice": 0.1312,
    "train_losses": [
      0.155705,
      0.076541,
      0.058305
    ],
    "test_losses": [
      0.0846,
      0.051386,
      0.046029
    ]
  },
  "soil": {
    "model": "soil",
    "params": 34181764,
    "epochs": 3,
    "final_train_loss": 0.06251,
    "best_test_loss": 0.030291,
    "test_mse": 0.030143,
    "test_dice": 0.2026,
    "train_losses": [
      0.177114,
      0.083197,
      0.06251
    ],
    "test_losses": [
      0.048284,
      0.033204,
      0.030291
    ]
  }
}