{
  "fire": {
    "model": "fire",
    "params": 4133121,
    "epochs": 30,
    "final_train_loss": 0.00541,
    "best_test_loss": 0.007435,
    "test_mse": 0.01709,
    "test_dice": 0.0115,
    "train_losses": [
      0.094357,
      0.065643,
      0.047103,
      0.03381,
      0.023997,
      0.017391,
      0.013167,
      0.010716,
      0.009197,
      0.00872,
      0.007817,
      0.007224,
      0.006766,
      0.006614,
      0.006333,
      0.006125,
      0.006091,
      0.005829,
      0.005775,
      0.005685,
      0.005621,
      0.005563,
      0.005514,
      0.005481,
      0.005454,
      0.005438,
      0.005425,
      0.005417,
      0.005412,
      0.00541
    ],
    "test_losses": [
      0.075445,
      0.053654,
      0.03834,
      0.026722,
      0.018289,
      0.012726,
      0.009749,
      0.008611,
      0.00824,
      0.008384,
      0.008724,
      0.008157,
      0.007495,
      0.007503,
      0.007435,
      0.007701,
      0.007907,
      0.007804,
      0.007801,
      0.00787,
      0.007921,
      0.007997,
      0.008067,
      0.008139,
      0.008177,
      0.00819,
      0.008195,
      0.008195,
      0.008194,
      0.008194
    ]
  },
  "forest": {
    "model": "forest",
    "params": 1381233,
    "epochs": 30,
    "final_train_loss": 0.987377,
    "best_test_loss": 1.111147,
    "test_mse": 0.027354,
    "test_dice": 0.0213,
    "train_losses": [
      1.54484,
      1.485365,
      1.436977,
      1.39014,
      1.346205,
      1.305161,
      1.266168,
      1.231835,
      1.20139,
      1.174839,
      1.152692,
      1.13101,
      1.115331,
      1.099866,
      1.083094,
      1.071736,
      1.063575,
      1.048459,
      1.036003,
      1.024505,
      1.017607,
      1.020136,
      1.003854,
      0.99465,
      0.995652,
      0.988758,
      0.987906,
      0.983748,
      0.985271,
      0.987377
    ],
    "test_losses": [
      1.52464,
      1.481939,
      1.436673,
      1.389365,
      1.346083,
      1.303443,
      1.263023,
      1.230809,
      1.202671,
      1.182777,
      1.16782,
      1.155403,
      1.146804,
      1.138461,
      1.135298,
      1.137744,
      1.131311,
      1.125778,
      1.12597,
      1.124302,
      1.129993,
      1.117729,
      1.111147,
      1.115409,
      1.115919,
      1.114684,
      1.114102,
      1.113928,
      1.113931,
      1.113886
    ]
  },
  "hydro": {
    "model": "hydro",
    "params": 4593153,
    "epochs": 30,
    "final_train_loss": 0.004308,
    "best_test_loss": 0.012195,
    "test_mse": 0.012159,
    "test_dice": 0.1824,
    "train_losses": [
      0.137753,
      0.051686,
      0.022015,
      0.011389,
      0.00791,
      0.006436,
      0.00602,
      0.00562,
      0.005301,
      0.005082,
      0.004922,
      0.004813,
      0.004677,
      0.00482,
      0.004584,
      0.005167,
      0.004602,
      0.00489,
      0.004731,
      0.004513,
      0.00446,
      0.004458,
      0.00441,
      0.004376,
      0.004355,
      0.004333,
      0.004322,
      0.004316,
      0.004311,
      0.004308
    ],
    "test_losses": [
      0.058452,
      0.027039,
      0.019429,
      0.018531,
      0.018101,
      0.016667,
      0.014484,
      0.015056,
      0.014957,
      0.013783,
      0.013187,
      0.01269,
      0.013116,
      0.013024,
      0.012209,
      0.012195,
      0.013609,
      0.014545,
      0.013582,
      0.012718,
      0.012476,
      0.012474,
      0.012495,
      0.01256,
      0.012569,
      0.01258,
      0.012554,
      0.012534,
      0.012518,
      0.012514
    ]
  },
  "soil": {
    "model": "soil",
    "params": 3884657,
    "epochs": 30,
    "final_train_loss": 0.000492,
    "best_test_loss": 0.014476,
    "test_mse": 0.014329,
    "test_dice": 0.2345,
    "train_losses": [
      0.112959,
      0.005501,
      0.003048,
      0.0031,
      0.003111,
      0.003014,
      0.002501,
      0.002107,
      0.001651,
      0.001907,
      0.001198,
      0.000836,
      0.000938,
      0.000737,
      0.000691,
      0.000667,
      0.000593,
      0.00057,
      0.000555,
      0.000536,
      0.000524,
      0.000515,
      0.000509,
      0.000504,
      0.0005,
      0.000497,
      0.000495,
      0.000493,
      0.000492,
      0.000492
    ],
    "test_losses": [
      0.027215,
      0.044078,
      0.048244,
      0.049489,
      0.049508,
      0.047681,
      0.021747,
      0.02542,
      0.039662,
      0.033759,
      0.020981,
      0.015803,
      0.016876,
      0.019761,
      0.019543,
      0.017318,
      0.015595,
      0.015059,
      0.015252,
      0.015338,
      0.015358,
      0.015285,
      0.01518,
      0.014935,
      0.014714,
      0.014584,
      0.014522,
      0.01449,
      0.014478,
      0.014476
    ]
  }
}